timeStamp,elapsed,label,responseCode,responseMessage,threadName,dataType,success,failureMessage,bytes,sentBytes,grpThreads,allThreads,URL,Latency,IdleTime,Connect
1702771238029,44,Get Characters,200,OK,HW Group 1-2,text,true,,318,159,13,13,http://localhost:3001/characters,40,0,24
1702771238030,44,Get Characters,200,OK,HW Group 1-9,text,true,,318,159,14,14,http://localhost:3001/characters,40,0,24
1702771238029,44,Get Characters,200,OK,HW Group 1-6,text,true,,318,159,13,13,http://localhost:3001/characters,40,0,24
1702771238029,44,Get Characters,200,OK,HW Group 1-5,text,true,,318,159,13,13,http://localhost:3001/characters,40,0,24
1702771238029,44,Get Characters,200,OK,HW Group 1-7,text,true,,318,159,13,13,http://localhost:3001/characters,40,0,24
1702771238029,44,Get Characters,200,OK,HW Group 1-3,text,true,,318,159,13,13,http://localhost:3001/characters,40,0,24
1702771238034,40,Get Characters,200,OK,HW Group 1-10,text,true,,318,159,13,13,http://localhost:3001/characters,36,0,20
1702771238029,44,Get Characters,200,OK,HW Group 1-1,text,true,,318,159,14,14,http://localhost:3001/characters,40,0,24
1702771238030,44,Get Characters,200,OK,HW Group 1-8,text,true,,318,159,14,14,http://localhost:3001/characters,40,0,25
1702771238029,44,Get Characters,200,OK,HW Group 1-4,text,true,,318,159,14,14,http://localhost:3001/characters,40,0,24
1702771238057,17,Get Characters,200,OK,HW Group 1-12,text,true,,318,159,13,13,http://localhost:3001/characters,13,0,3
1702771238046,28,Get Characters,200,OK,HW Group 1-11,text,true,,318,159,13,13,http://localhost:3001/characters,24,0,8
1702771238065,9,Get Characters,200,OK,HW Group 1-13,text,true,,318,159,13,13,http://localhost:3001/characters,5,0,1
1702771238077,3,Get Character,200,OK,HW Group 1-7,text,true,,257,160,14,14,http://localhost:3001/character/1,3,0,0
1702771238077,4,Get Character,200,OK,HW Group 1-6,text,true,,257,160,14,14,http://localhost:3001/character/1,4,0,0
1702771238076,6,Get Character,200,OK,HW Group 1-3,text,true,,257,160,14,14,http://localhost:3001/character/1,6,0,0
1702771238077,5,Get Character,200,OK,HW Group 1-5,text,true,,257,160,14,14,http://localhost:3001/character/1,5,0,0
1702771238076,7,Get Character,200,OK,HW Group 1-12,text,true,,257,160,14,14,http://localhost:3001/character/1,7,0,0
1702771238077,6,Get Character,200,OK,HW Group 1-9,text,true,,257,160,14,14,http://localhost:3001/character/1,6,0,0
1702771238077,6,Get Character,200,OK,HW Group 1-10,text,true,,257,160,14,14,http://localhost:3001/character/1,6,0,0
1702771238077,6,Get Character,200,OK,HW Group 1-8,text,true,,257,160,14,14,http://localhost:3001/character/1,6,0,0
1702771238077,6,Get Character,200,OK,HW Group 1-2,text,true,,257,160,14,14,http://localhost:3001/character/1,6,0,0
1702771238077,7,Get Character,200,OK,HW Group 1-1,text,true,,257,160,14,14,http://localhost:3001/character/1,6,0,0
1702771238077,7,Get Character,200,OK,HW Group 1-11,text,true,,257,160,14,14,http://localhost:3001/character/1,7,0,0
1702771238076,8,Get Character,200,OK,HW Group 1-4,text,true,,257,160,14,14,http://localhost:3001/character/1,8,0,0
1702771238076,9,Get Character,200,OK,HW Group 1-13,text,true,,257,160,15,15,http://localhost:3001/character/1,8,0,0
1702771238075,10,Get Characters,200,OK,HW Group 1-14,text,true,,318,159,15,15,http://localhost:3001/characters,10,0,3
1702771238085,6,Get Character,200,OK,HW Group 1-14,text,true,,257,160,15,15,http://localhost:3001/character/1,5,0,0
1702771238081,10,Create Character,200,OK,HW Group 1-6,text,true,,262,206,15,15,http://localhost:3001/character,9,0,0
1702771238084,7,Create Character,200,OK,HW Group 1-8,text,true,,262,206,15,15,http://localhost:3001/character,7,0,0
1702771238084,8,Create Character,200,OK,HW Group 1-12,text,true,,262,206,15,15,http://localhost:3001/character,8,0,0
1702771238084,8,Create Character,200,OK,HW Group 1-9,text,true,,262,206,15,15,http://localhost:3001/character,7,0,0
1702771238084,9,Create Character,200,OK,HW Group 1-2,text,true,,262,206,16,16,http://localhost:3001/character,9,0,0
1702771238084,10,Create Character,200,OK,HW Group 1-10,text,true,,262,206,16,16,http://localhost:3001/character,10,0,0
1702771238083,12,Create Character,200,OK,HW Group 1-5,text,true,,262,206,16,16,http://localhost:3001/character,12,0,0
1702771238083,12,Create Character,200,OK,HW Group 1-3,text,true,,262,206,16,16,http://localhost:3001/character,12,0,0
1702771238084,11,Create Character,200,OK,HW Group 1-1,text,true,,262,206,16,16,http://localhost:3001/character,11,0,0
1702771238084,12,Create Character,200,OK,HW Group 1-11,text,true,,262,206,16,16,http://localhost:3001/character,12,0,0
1702771238084,12,Create Character,200,OK,HW Group 1-4,text,true,,262,206,16,16,http://localhost:3001/character,12,0,0
1702771238092,5,Modify Character,200,OK,HW Group 1-12,text,true,,263,208,16,16,http://localhost:3001/character/4,5,0,0
1702771238081,17,Create Character,200,OK,HW Group 1-7,text,true,,262,206,16,16,http://localhost:3001/character,17,0,0
1702771238092,6,Create Character,200,OK,HW Group 1-14,text,true,,262,206,16,16,http://localhost:3001/character,6,0,0
1702771238091,7,Modify Character,200,OK,HW Group 1-6,text,true,,263,208,16,16,http://localhost:3001/character/4,7,0,0
1702771238085,15,Create Character,200,OK,HW Group 1-13,text,true,,262,206,16,16,http://localhost:3001/character,15,0,0
1702771238093,7,Modify Character,200,OK,HW Group 1-9,text,true,,263,208,16,16,http://localhost:3001/character/4,7,0,0
1702771238095,6,Modify Character,200,OK,HW Group 1-1,text,true,,263,208,16,16,http://localhost:3001/character/4,6,0,0
1702771238097,4,Modify Character,200,OK,HW Group 1-10,text,true,,263,208,16,16,http://localhost:3001/character/4,4,0,0
1702771238093,8,Modify Character,200,OK,HW Group 1-8,text,true,,263,208,16,16,http://localhost:3001/character/4,8,0,0
1702771238097,5,Modify Character,200,OK,HW Group 1-4,text,true,,263,208,16,16,http://localhost:3001/character/4,5,0,0
1702771238097,5,Modify Character,200,OK,HW Group 1-11,text,true,,263,208,16,16,http://localhost:3001/character/4,5,0,0
1702771238085,18,Get Characters,200,OK,HW Group 1-15,text,true,,713,159,16,16,http://localhost:3001/characters,18,0,1
1702771238094,9,Modify Character,200,OK,HW Group 1-2,text,true,,263,208,16,16,http://localhost:3001/character/4,9,0,0
1702771238095,9,Modify Character,200,OK,HW Group 1-3,text,true,,263,208,17,17,http://localhost:3001/character/4,9,0,0
1702771238096,9,Modify Character,200,OK,HW Group 1-5,text,true,,263,208,17,17,http://localhost:3001/character/4,9,0,0
1702771238098,9,Modify Character,200,OK,HW Group 1-7,text,true,,263,208,17,17,http://localhost:3001/character/4,9,0,0
1702771238098,11,Delete Character,200,OK,HW Group 1-12,text,true,,249,182,17,17,http://localhost:3001/character/4,11,0,0
1702771238099,11,Delete Character,200,OK,HW Group 1-6,text,true,,249,182,17,17,http://localhost:3001/character/4,11,0,0
1702771238098,13,Modify Character,200,OK,HW Group 1-14,text,true,,263,208,15,15,http://localhost:3001/character/4,13,0,0
1702771238107,6,Delete Character,200,OK,HW Group 1-7,text,true,,249,182,15,15,http://localhost:3001/character/4,6,0,0
1702771238102,11,Delete Character,200,OK,HW Group 1-10,text,true,,249,182,15,15,http://localhost:3001/character/4,11,0,0
1702771238102,14,Delete Character,200,OK,HW Group 1-1,text,true,,249,182,14,14,http://localhost:3001/character/4,14,0,0
1702771238102,14,Delete Character,200,OK,HW Group 1-4,text,true,,249,182,14,14,http://localhost:3001/character/4,13,0,0
1702771238100,20,Delete Character,200,OK,HW Group 1-9,text,true,,249,182,12,12,http://localhost:3001/character/4,20,0,0
1702771238103,17,Delete Character,200,OK,HW Group 1-11,text,true,,249,182,12,12,http://localhost:3001/character/4,17,0,0
1702771238101,19,Delete Character,200,OK,HW Group 1-8,text,true,,249,182,12,12,http://localhost:3001/character/4,19,0,0
1702771238104,16,Delete Character,200,OK,HW Group 1-2,text,true,,249,182,12,12,http://localhost:3001/character/4,16,0,0
1702771238100,20,Modify Character,200,OK,HW Group 1-13,text,true,,263,208,12,12,http://localhost:3001/character/4,20,0,0
1702771238104,16,Delete Character,200,OK,HW Group 1-3,text,true,,249,182,12,12,http://localhost:3001/character/4,16,0,0
1702771238104,16,Get Character,200,OK,HW Group 1-15,text,true,,257,160,12,12,http://localhost:3001/character/1,16,0,0
1702771238106,18,Delete Character,200,OK,HW Group 1-5,text,true,,249,182,8,8,http://localhost:3001/character/4,18,0,0
1702771238094,30,Get Characters,200,OK,HW Group 1-16,text,true,,375,159,8,8,http://localhost:3001/characters,30,0,4
1702771238112,12,Delete Character,200,OK,HW Group 1-14,text,true,,249,182,8,8,http://localhost:3001/character/4,12,0,0
1702771238104,21,Get Characters,200,OK,HW Group 1-17,text,true,,347,159,6,6,http://localhost:3001/characters,21,0,1
1702771238121,4,Create Character,200,OK,HW Group 1-15,text,true,,262,206,6,6,http://localhost:3001/character,4,0,0
1702771238121,4,Delete Character,200,OK,HW Group 1-13,text,true,,249,182,6,6,http://localhost:3001/character/4,4,0,0
1702771238126,2,Modify Character,200,OK,HW Group 1-15,text,true,,263,208,5,5,http://localhost:3001/character/4,2,0,0
1702771238124,5,Get Character,200,OK,HW Group 1-16,text,true,,257,160,5,5,http://localhost:3001/character/1,5,0,0
1702771238116,15,Get Characters,200,OK,HW Group 1-18,text,true,,348,159,5,5,http://localhost:3001/characters,15,0,6
1702771238128,5,Delete Character,200,OK,HW Group 1-15,text,true,,249,182,5,5,http://localhost:3001/character/4,5,0,0
1702771238126,7,Get Character,200,OK,HW Group 1-17,text,true,,257,160,5,5,http://localhost:3001/character/1,7,0,0
1702771238130,4,Create Character,200,OK,HW Group 1-16,text,true,,262,206,5,5,http://localhost:3001/character,4,0,0
1702771238126,9,Get Characters,200,OK,HW Group 1-19,text,true,,347,159,5,5,http://localhost:3001/characters,9,0,1
1702771238131,6,Get Character,200,OK,HW Group 1-18,text,true,,257,160,5,5,http://localhost:3001/character/1,6,0,0
1702771238133,6,Create Character,200,OK,HW Group 1-17,text,true,,262,206,5,5,http://localhost:3001/character,6,0,0
1702771238134,6,Modify Character,200,OK,HW Group 1-16,text,true,,263,208,5,5,http://localhost:3001/character/4,6,0,0
1702771238137,5,Create Character,200,OK,HW Group 1-18,text,true,,262,206,5,5,http://localhost:3001/character,5,0,0
1702771238134,8,Get Characters,200,OK,HW Group 1-20,text,true,,404,159,5,5,http://localhost:3001/characters,8,0,1
1702771238136,6,Get Character,200,OK,HW Group 1-19,text,true,,257,160,5,5,http://localhost:3001/character/1,6,0,0
1702771238139,6,Modify Character,200,OK,HW Group 1-17,text,true,,263,208,6,6,http://localhost:3001/character/4,6,0,0
1702771238143,3,Create Character,200,OK,HW Group 1-19,text,true,,262,206,6,6,http://localhost:3001/character,3,0,0
1702771238142,4,Modify Character,200,OK,HW Group 1-18,text,true,,263,208,6,6,http://localhost:3001/character/4,4,0,0
1702771238142,5,Get Character,200,OK,HW Group 1-20,text,true,,257,160,6,6,http://localhost:3001/character/1,5,0,0
1702771238146,4,Delete Character,200,OK,HW Group 1-17,text,true,,249,182,6,6,http://localhost:3001/character/4,4,0,0
1702771238146,4,Delete Character,200,OK,HW Group 1-18,text,true,,249,182,6,6,http://localhost:3001/character/4,4,0,0
1702771238146,4,Modify Character,200,OK,HW Group 1-19,text,true,,263,208,6,6,http://localhost:3001/character/4,4,0,0
1702771238147,4,Create Character,200,OK,HW Group 1-20,text,true,,262,206,4,4,http://localhost:3001/character,4,0,0
1702771238141,10,Delete Character,200,OK,HW Group 1-16,text,true,,249,182,4,4,http://localhost:3001/character/4,10,0,0
1702771238145,8,Get Characters,200,OK,HW Group 1-21,text,true,,375,159,3,3,http://localhost:3001/characters,8,0,1
1702771238151,4,Modify Character,200,OK,HW Group 1-20,text,true,,263,208,4,4,http://localhost:3001/character/4,4,0,0
1702771238151,6,Delete Character,200,OK,HW Group 1-19,text,true,,249,182,4,4,http://localhost:3001/character/4,6,0,0
1702771238153,4,Get Character,200,OK,HW Group 1-21,text,true,,257,160,4,4,http://localhost:3001/character/1,4,0,0
1702771238155,3,Delete Character,200,OK,HW Group 1-20,text,true,,249,182,3,3,http://localhost:3001/character/4,3,0,0
1702771238158,2,Create Character,200,OK,HW Group 1-21,text,true,,262,206,2,2,http://localhost:3001/character,1,0,0
1702771238154,6,Get Characters,200,OK,HW Group 1-22,text,true,,347,159,2,2,http://localhost:3001/characters,6,0,1
1702771238160,2,Modify Character,200,OK,HW Group 1-21,text,true,,263,208,2,2,http://localhost:3001/character/4,2,0,0
1702771238160,3,Get Character,200,OK,HW Group 1-22,text,true,,257,160,2,2,http://localhost:3001/character/1,3,0,0
1702771238162,3,Delete Character,200,OK,HW Group 1-21,text,true,,249,182,3,3,http://localhost:3001/character/4,3,0,0
1702771238163,3,Create Character,200,OK,HW Group 1-22,text,true,,262,206,2,2,http://localhost:3001/character,3,0,0
1702771238164,3,Get Characters,200,OK,HW Group 1-23,text,true,,347,159,2,2,http://localhost:3001/characters,3,0,0
1702771238166,2,Modify Character,200,OK,HW Group 1-22,text,true,,263,208,2,2,http://localhost:3001/character/4,2,0,0
1702771238167,1,Get Character,200,OK,HW Group 1-23,text,true,,257,160,2,2,http://localhost:3001/character/1,1,0,0
1702771238168,2,Create Character,200,OK,HW Group 1-23,text,true,,262,206,2,2,http://localhost:3001/character,2,0,0
1702771238168,2,Delete Character,200,OK,HW Group 1-22,text,true,,249,182,2,2,http://localhost:3001/character/4,2,0,0
1702771238170,2,Modify Character,200,OK,HW Group 1-23,text,true,,263,208,1,1,http://localhost:3001/character/4,2,0,0
1702771238172,1,Delete Character,200,OK,HW Group 1-23,text,true,,249,182,2,2,http://localhost:3001/character/4,1,0,0
1702771238174,1,Get Characters,200,OK,HW Group 1-24,text,true,,318,159,1,1,http://localhost:3001/characters,1,0,0
1702771238176,1,Get Character,200,OK,HW Group 1-24,text,true,,257,160,1,1,http://localhost:3001/character/1,1,0,0
1702771238177,1,Create Character,200,OK,HW Group 1-24,text,true,,262,206,1,1,http://localhost:3001/character,1,0,0
1702771238178,2,Modify Character,200,OK,HW Group 1-24,text,true,,263,208,1,1,http://localhost:3001/character/4,2,0,0
1702771238180,2,Delete Character,200,OK,HW Group 1-24,text,true,,249,182,1,1,http://localhost:3001/character/4,2,0,0
1702771238184,1,Get Characters,200,OK,HW Group 1-25,text,true,,318,159,1,1,http://localhost:3001/characters,1,0,0
1702771238186,1,Get Character,200,OK,HW Group 1-25,text,true,,257,160,1,1,http://localhost:3001/character/1,1,0,0
1702771238187,1,Create Character,200,OK,HW Group 1-25,text,true,,262,206,1,1,http://localhost:3001/character,1,0,0
1702771238188,1,Modify Character,200,OK,HW Group 1-25,text,true,,263,208,1,1,http://localhost:3001/character/4,1,0,0
1702771238190,1,Delete Character,200,OK,HW Group 1-25,text,true,,249,182,1,1,http://localhost:3001/character/4,1,0,0
1702771238193,1,Get Characters,200,OK,HW Group 1-26,text,true,,318,159,1,1,http://localhost:3001/characters,1,0,0
1702771238195,1,Get Character,200,OK,HW Group 1-26,text,true,,257,160,1,1,http://localhost:3001/character/1,1,0,0
1702771238196,1,Create Character,200,OK,HW Group 1-26,text,true,,262,206,1,1,http://localhost:3001/character,1,0,0
1702771238198,2,Modify Character,200,OK,HW Group 1-26,text,true,,263,208,1,1,http://localhost:3001/character/4,2,0,0
1702771238201,1,Delete Character,200,OK,HW Group 1-26,text,true,,249,182,1,1,http://localhost:3001/character/4,1,0,0
1702771238204,1,Get Characters,200,OK,HW Group 1-27,text,true,,318,159,1,1,http://localhost:3001/characters,1,0,0
1702771238206,1,Get Character,200,OK,HW Group 1-27,text,true,,257,160,1,1,http://localhost:3001/character/1,1,0,0
1702771238207,1,Create Character,200,OK,HW Group 1-27,text,true,,262,206,1,1,http://localhost:3001/character,1,0,0
1702771238208,2,Modify Character,200,OK,HW Group 1-27,text,true,,263,208,1,1,http://localhost:3001/character/4,2,0,0
1702771238210,1,Delete Character,200,OK,HW Group 1-27,text,true,,249,182,1,1,http://localhost:3001/character/4,1,0,0
1702771238214,1,Get Characters,200,OK,HW Group 1-28,text,true,,318,159,1,1,http://localhost:3001/characters,1,0,0
1702771238216,1,Get Character,200,OK,HW Group 1-28,text,true,,257,160,1,1,http://localhost:3001/character/1,1,0,0
1702771238217,1,Create Character,200,OK,HW Group 1-28,text,true,,262,206,1,1,http://localhost:3001/character,1,0,0
1702771238218,2,Modify Character,200,OK,HW Group 1-28,text,true,,263,208,1,1,http://localhost:3001/character/4,2,0,0
1702771238220,1,Delete Character,200,OK,HW Group 1-28,text,true,,249,182,1,1,http://localhost:3001/character/4,1,0,0
1702771238223,2,Get Characters,200,OK,HW Group 1-29,text,true,,318,159,1,1,http://localhost:3001/characters,2,0,1
1702771238226,1,Get Character,200,OK,HW Group 1-29,text,true,,257,160,1,1,http://localhost:3001/character/1,1,0,0
1702771238227,1,Create Character,200,OK,HW Group 1-29,text,true,,262,206,1,1,http://localhost:3001/character,1,0,0
1702771238229,1,Modify Character,200,OK,HW Group 1-29,text,true,,263,208,1,1,http://localhost:3001/character/4,1,0,0
1702771238230,2,Delete Character,200,OK,HW Group 1-29,text,true,,249,182,1,1,http://localhost:3001/character/4,2,0,0
1702771238234,2,Get Characters,200,OK,HW Group 1-30,text,true,,318,159,1,1,http://localhost:3001/characters,2,0,0
1702771238236,1,Get Character,200,OK,HW Group 1-30,text,true,,257,160,1,1,http://localhost:3001/character/1,1,0,0
1702771238238,1,Create Character,200,OK,HW Group 1-30,text,true,,262,206,1,1,http://localhost:3001/character,1,0,0
1702771238239,1,Modify Character,200,OK,HW Group 1-30,text,true,,263,208,1,1,http://localhost:3001/character/4,1,0,0
1702771238241,1,Delete Character,200,OK,HW Group 1-30,text,true,,249,182,2,2,http://localhost:3001/character/4,1,0,0
1702771238243,2,Get Characters,200,OK,HW Group 1-31,text,true,,318,159,1,1,http://localhost:3001/characters,2,0,0
1702771238245,1,Get Character,200,OK,HW Group 1-31,text,true,,257,160,1,1,http://localhost:3001/character/1,1,0,0
1702771238247,1,Create Character,200,OK,HW Group 1-31,text,true,,262,206,1,1,http://localhost:3001/character,1,0,0
1702771238248,2,Modify Character,200,OK,HW Group 1-31,text,true,,263,208,1,1,http://localhost:3001/character/4,2,0,0
1702771238250,2,Delete Character,200,OK,HW Group 1-31,text,true,,249,182,1,1,http://localhost:3001/character/4,2,0,0
1702771238254,1,Get Characters,200,OK,HW Group 1-32,text,true,,318,159,1,1,http://localhost:3001/characters,1,0,0
1702771238256,1,Get Character,200,OK,HW Group 1-32,text,true,,257,160,1,1,http://localhost:3001/character/1,1,0,0
1702771238257,2,Create Character,200,OK,HW Group 1-32,text,true,,262,206,1,1,http://localhost:3001/character,2,0,0
1702771238260,1,Modify Character,200,OK,HW Group 1-32,text,true,,263,208,1,1,http://localhost:3001/character/4,1,0,0
1702771238261,2,Delete Character,200,OK,HW Group 1-32,text,true,,249,182,1,1,http://localhost:3001/character/4,1,0,0
1702771238264,2,Get Characters,200,OK,HW Group 1-33,text,true,,318,159,1,1,http://localhost:3001/characters,2,0,0
1702771238266,2,Get Character,200,OK,HW Group 1-33,text,true,,257,160,1,1,http://localhost:3001/character/1,2,0,0
1702771238268,2,Create Character,200,OK,HW Group 1-33,text,true,,262,206,1,1,http://localhost:3001/character,2,0,0
1702771238270,2,Modify Character,200,OK,HW Group 1-33,text,true,,263,208,1,1,http://localhost:3001/character/4,2,0,0
1702771238272,3,Delete Character,200,OK,HW Group 1-33,text,true,,249,182,2,2,http://localhost:3001/character/4,3,0,0
1702771238273,3,Get Characters,200,OK,HW Group 1-34,text,true,,318,159,1,1,http://localhost:3001/characters,3,0,1
1702771238277,1,Get Character,200,OK,HW Group 1-34,text,true,,257,160,1,1,http://localhost:3001/character/1,1,0,0
1702771238278,2,Create Character,200,OK,HW Group 1-34,text,true,,262,206,1,1,http://localhost:3001/character,2,0,0
1702771238280,2,Modify Character,200,OK,HW Group 1-34,text,true,,263,208,1,1,http://localhost:3001/character/4,2,0,0
1702771238282,1,Delete Character,200,OK,HW Group 1-34,text,true,,249,182,2,2,http://localhost:3001/character/4,1,0,0
1702771238283,3,Get Characters,200,OK,HW Group 1-35,text,true,,318,159,1,1,http://localhost:3001/characters,3,0,1
1702771238286,2,Get Character,200,OK,HW Group 1-35,text,true,,257,160,1,1,http://localhost:3001/character/1,2,0,0
1702771238288,2,Create Character,200,OK,HW Group 1-35,text,true,,262,206,1,1,http://localhost:3001/character,2,0,0
1702771238290,2,Modify Character,200,OK,HW Group 1-35,text,true,,263,208,1,1,http://localhost:3001/character/4,2,0,0
1702771238292,1,Delete Character,200,OK,HW Group 1-35,text,true,,249,182,2,2,http://localhost:3001/character/4,1,0,0
1702771238293,2,Get Characters,200,OK,HW Group 1-36,text,true,,318,159,1,1,http://localhost:3001/characters,2,0,1
1702771238296,1,Get Character,200,OK,HW Group 1-36,text,true,,257,160,1,1,http://localhost:3001/character/1,1,0,0
1702771238297,1,Create Character,200,OK,HW Group 1-36,text,true,,262,206,1,1,http://localhost:3001/character,1,0,0
1702771238298,2,Modify Character,200,OK,HW Group 1-36,text,true,,263,208,1,1,http://localhost:3001/character/4,2,0,0
1702771238300,2,Delete Character,200,OK,HW Group 1-36,text,true,,249,182,1,1,http://localhost:3001/character/4,2,0,0
1702771238303,2,Get Characters,200,OK,HW Group 1-37,text,true,,318,159,1,1,http://localhost:3001/characters,2,0,1
1702771238306,1,Get Character,200,OK,HW Group 1-37,text,true,,257,160,1,1,http://localhost:3001/character/1,1,0,0
1702771238307,2,Create Character,200,OK,HW Group 1-37,text,true,,262,206,1,1,http://localhost:3001/character,2,0,0
1702771238309,1,Modify Character,200,OK,HW Group 1-37,text,true,,263,208,1,1,http://localhost:3001/character/4,1,0,0
1702771238311,1,Delete Character,200,OK,HW Group 1-37,text,true,,249,182,1,1,http://localhost:3001/character/4,1,0,0
1702771238313,2,Get Characters,200,OK,HW Group 1-38,text,true,,318,159,1,1,http://localhost:3001/characters,2,0,0
1702771238315,1,Get Character,200,OK,HW Group 1-38,text,true,,257,160,1,1,http://localhost:3001/character/1,1,0,0
1702771238316,1,Create Character,200,OK,HW Group 1-38,text,true,,262,206,1,1,http://localhost:3001/character,1,0,0
1702771238317,1,Modify Character,200,OK,HW Group 1-38,text,true,,263,208,1,1,http://localhost:3001/character/4,1,0,0
1702771238319,1,Delete Character,200,OK,HW Group 1-38,text,true,,249,182,1,1,http://localhost:3001/character/4,1,0,0
1702771238322,2,Get Characters,200,OK,HW Group 1-39,text,true,,318,159,1,1,http://localhost:3001/characters,2,0,1
1702771238325,1,Get Character,200,OK,HW Group 1-39,text,true,,257,160,1,1,http://localhost:3001/character/1,1,0,0
1702771238326,2,Create Character,200,OK,HW Group 1-39,text,true,,262,206,1,1,http://localhost:3001/character,2,0,0
1702771238328,2,Modify Character,200,OK,HW Group 1-39,text,true,,263,208,1,1,http://localhost:3001/character/4,2,0,0
1702771238330,2,Delete Character,200,OK,HW Group 1-39,text,true,,249,182,1,1,http://localhost:3001/character/4,1,0,0
1702771238333,5,Get Characters,200,OK,HW Group 1-40,text,true,,318,159,1,1,http://localhost:3001/characters,5,0,1
1702771238338,2,Get Character,200,OK,HW Group 1-40,text,true,,257,160,1,1,http://localhost:3001/character/1,2,0,0
1702771238340,1,Create Character,200,OK,HW Group 1-40,text,true,,262,206,1,1,http://localhost:3001/character,1,0,0
1702771238342,1,Modify Character,200,OK,HW Group 1-40,text,true,,263,208,2,2,http://localhost:3001/character/4,1,0,0
1702771238343,2,Delete Character,200,OK,HW Group 1-40,text,true,,249,182,2,2,http://localhost:3001/character/4,2,0,0
1702771238343,3,Get Characters,200,OK,HW Group 1-41,text,true,,318,159,1,1,http://localhost:3001/characters,3,0,1
1702771238346,1,Get Character,200,OK,HW Group 1-41,text,true,,257,160,1,1,http://localhost:3001/character/1,1,0,0
1702771238347,1,Create Character,200,OK,HW Group 1-41,text,true,,262,206,1,1,http://localhost:3001/character,1,0,0
1702771238349,1,Modify Character,200,OK,HW Group 1-41,text,true,,263,208,1,1,http://localhost:3001/character/4,1,0,0
1702771238350,2,Delete Character,200,OK,HW Group 1-41,text,true,,249,182,1,1,http://localhost:3001/character/4,2,0,0
1702771238352,2,Get Characters,200,OK,HW Group 1-42,text,true,,318,159,1,1,http://localhost:3001/characters,2,0,1
1702771238355,1,Get Character,200,OK,HW Group 1-42,text,true,,257,160,1,1,http://localhost:3001/character/1,1,0,0
1702771238356,2,Create Character,200,OK,HW Group 1-42,text,true,,262,206,1,1,http://localhost:3001/character,2,0,0
1702771238358,1,Modify Character,200,OK,HW Group 1-42,text,true,,263,208,1,1,http://localhost:3001/character/4,1,0,0
1702771238359,2,Delete Character,200,OK,HW Group 1-42,text,true,,249,182,1,1,http://localhost:3001/character/4,2,0,0
1702771238363,2,Get Characters,200,OK,HW Group 1-43,text,true,,318,159,1,1,http://localhost:3001/characters,2,0,1
1702771238365,2,Get Character,200,OK,HW Group 1-43,text,true,,257,160,1,1,http://localhost:3001/character/1,1,0,0
1702771238367,1,Create Character,200,OK,HW Group 1-43,text,true,,262,206,1,1,http://localhost:3001/character,1,0,0
1702771238368,1,Modify Character,200,OK,HW Group 1-43,text,true,,263,208,1,1,http://localhost:3001/character/4,1,0,0
1702771238370,1,Delete Character,200,OK,HW Group 1-43,text,true,,249,182,1,1,http://localhost:3001/character/4,1,0,0
1702771238373,2,Get Characters,200,OK,HW Group 1-44,text,true,,318,159,1,1,http://localhost:3001/characters,2,0,1
1702771238376,1,Get Character,200,OK,HW Group 1-44,text,true,,257,160,1,1,http://localhost:3001/character/1,1,0,0
1702771238377,1,Create Character,200,OK,HW Group 1-44,text,true,,262,206,1,1,http://localhost:3001/character,1,0,0
1702771238378,1,Modify Character,200,OK,HW Group 1-44,text,true,,263,208,1,1,http://localhost:3001/character/4,1,0,0
1702771238380,1,Delete Character,200,OK,HW Group 1-44,text,true,,249,182,1,1,http://localhost:3001/character/4,1,0,0
1702771238382,2,Get Characters,200,OK,HW Group 1-45,text,true,,318,159,1,1,http://localhost:3001/characters,2,0,1
1702771238384,1,Get Character,200,OK,HW Group 1-45,text,true,,257,160,1,1,http://localhost:3001/character/1,1,0,0
1702771238385,1,Create Character,200,OK,HW Group 1-45,text,true,,262,206,1,1,http://localhost:3001/character,1,0,0
1702771238386,2,Modify Character,200,OK,HW Group 1-45,text,true,,263,208,1,1,http://localhost:3001/character/4,2,0,0
1702771238388,1,Delete Character,200,OK,HW Group 1-45,text,true,,249,182,1,1,http://localhost:3001/character/4,1,0,0
1702771238393,2,Get Characters,200,OK,HW Group 1-46,text,true,,318,159,1,1,http://localhost:3001/characters,2,0,1
1702771238395,1,Get Character,200,OK,HW Group 1-46,text,true,,257,160,1,1,http://localhost:3001/character/1,1,0,0
1702771238396,1,Create Character,200,OK,HW Group 1-46,text,true,,262,206,1,1,http://localhost:3001/character,1,0,0
1702771238398,1,Modify Character,200,OK,HW Group 1-46,text,true,,263,208,1,1,http://localhost:3001/character/4,1,0,0
1702771238399,1,Delete Character,200,OK,HW Group 1-46,text,true,,249,182,1,1,http://localhost:3001/character/4,1,0,0
1702771238403,2,Get Characters,200,OK,HW Group 1-47,text,true,,318,159,1,1,http://localhost:3001/characters,2,0,1
1702771238405,1,Get Character,200,OK,HW Group 1-47,text,true,,257,160,1,1,http://localhost:3001/character/1,1,0,0
1702771238406,1,Create Character,200,OK,HW Group 1-47,text,true,,262,206,1,1,http://localhost:3001/character,1,0,0
1702771238408,1,Modify Character,200,OK,HW Group 1-47,text,true,,263,208,1,1,http://localhost:3001/character/4,1,0,0
1702771238409,1,Delete Character,200,OK,HW Group 1-47,text,true,,249,182,1,1,http://localhost:3001/character/4,1,0,0
1702771238413,2,Get Characters,200,OK,HW Group 1-48,text,true,,318,159,1,1,http://localhost:3001/characters,2,0,1
1702771238415,1,Get Character,200,OK,HW Group 1-48,text,true,,257,160,1,1,http://localhost:3001/character/1,1,0,0
1702771238417,1,Create Character,200,OK,HW Group 1-48,text,true,,262,206,1,1,http://localhost:3001/character,1,0,0
1702771238418,2,Modify Character,200,OK,HW Group 1-48,text,true,,263,208,1,1,http://localhost:3001/character/4,2,0,0
1702771238420,1,Delete Character,200,OK,HW Group 1-48,text,true,,249,182,1,1,http://localhost:3001/character/4,1,0,0
1702771238423,2,Get Characters,200,OK,HW Group 1-49,text,true,,318,159,1,1,http://localhost:3001/characters,2,0,1
1702771238425,2,Get Character,200,OK,HW Group 1-49,text,true,,257,160,1,1,http://localhost:3001/character/1,2,0,0
1702771238427,1,Create Character,200,OK,HW Group 1-49,text,true,,262,206,1,1,http://localhost:3001/character,1,0,0
1702771238428,1,Modify Character,200,OK,HW Group 1-49,text,true,,263,208,1,1,http://localhost:3001/character/4,1,0,0
1702771238430,1,Delete Character,200,OK,HW Group 1-49,text,true,,249,182,1,1,http://localhost:3001/character/4,1,0,0
1702771238433,2,Get Characters,200,OK,HW Group 1-50,text,true,,318,159,1,1,http://localhost:3001/characters,2,0,1
1702771238435,2,Get Character,200,OK,HW Group 1-50,text,true,,257,160,1,1,http://localhost:3001/character/1,2,0,0
1702771238437,1,Create Character,200,OK,HW Group 1-50,text,true,,262,206,1,1,http://localhost:3001/character,1,0,0
1702771238439,1,Modify Character,200,OK,HW Group 1-50,text,true,,263,208,1,1,http://localhost:3001/character/4,1,0,0
1702771238440,2,Delete Character,200,OK,HW Group 1-50,text,true,,249,182,1,1,http://localhost:3001/character/4,2,0,0
1702771238443,2,Get Characters,200,OK,HW Group 1-51,text,true,,318,159,1,1,http://localhost:3001/characters,2,0,1
1702771238446,1,Get Character,200,OK,HW Group 1-51,text,true,,257,160,1,1,http://localhost:3001/character/1,1,0,0
1702771238447,1,Create Character,200,OK,HW Group 1-51,text,true,,262,206,1,1,http://localhost:3001/character,1,0,0
1702771238449,1,Modify Character,200,OK,HW Group 1-51,text,true,,263,208,1,1,http://localhost:3001/character/4,1,0,0
1702771238450,2,Delete Character,200,OK,HW Group 1-51,text,true,,249,182,1,1,http://localhost:3001/character/4,2,0,0
1702771238454,2,Get Characters,200,OK,HW Group 1-52,text,true,,318,159,1,1,http://localhost:3001/characters,2,0,0
1702771238456,2,Get Character,200,OK,HW Group 1-52,text,true,,257,160,1,1,http://localhost:3001/character/1,2,0,0
1702771238458,2,Create Character,200,OK,HW Group 1-52,text,true,,262,206,1,1,http://localhost:3001/character,2,0,0
1702771238460,2,Modify Character,200,OK,HW Group 1-52,text,true,,263,208,1,1,http://localhost:3001/character/4,2,0,0
1702771238462,1,Delete Character,200,OK,HW Group 1-52,text,true,,249,182,1,1,http://localhost:3001/character/4,1,0,0
1702771238465,2,Get Characters,200,OK,HW Group 1-53,text,true,,318,159,1,1,http://localhost:3001/characters,2,0,0
1702771238467,1,Get Character,200,OK,HW Group 1-53,text,true,,257,160,1,1,http://localhost:3001/character/1,1,0,0
1702771238468,1,Create Character,200,OK,HW Group 1-53,text,true,,262,206,1,1,http://localhost:3001/character,1,0,0
1702771238469,1,Modify Character,200,OK,HW Group 1-53,text,true,,263,208,1,1,http://localhost:3001/character/4,1,0,0
1702771238471,1,Delete Character,200,OK,HW Group 1-53,text,true,,249,182,1,1,http://localhost:3001/character/4,1,0,0
1702771238474,2,Get Characters,200,OK,HW Group 1-54,text,true,,318,159,1,1,http://localhost:3001/characters,2,0,0
1702771238476,1,Get Character,200,OK,HW Group 1-54,text,true,,257,160,1,1,http://localhost:3001/character/1,1,0,0
1702771238477,1,Create Character,200,OK,HW Group 1-54,text,true,,262,206,1,1,http://localhost:3001/character,1,0,0
1702771238479,1,Modify Character,200,OK,HW Group 1-54,text,true,,263,208,1,1,http://localhost:3001/character/4,1,0,0
1702771238480,1,Delete Character,200,OK,HW Group 1-54,text,true,,249,182,1,1,http://localhost:3001/character/4,1,0,0
1702771238484,1,Get Characters,200,OK,HW Group 1-55,text,true,,318,159,1,1,http://localhost:3001/characters,1,0,0
1702771238486,1,Get Character,200,OK,HW Group 1-55,text,true,,257,160,1,1,http://localhost:3001/character/1,1,0,0
1702771238487,1,Create Character,200,OK,HW Group 1-55,text,true,,262,206,1,1,http://localhost:3001/character,1,0,0
1702771238488,1,Modify Character,200,OK,HW Group 1-55,text,true,,263,208,1,1,http://localhost:3001/character/4,1,0,0
1702771238489,2,Delete Character,200,OK,HW Group 1-55,text,true,,249,182,1,1,http://localhost:3001/character/4,2,0,0
1702771238495,2,Get Characters,200,OK,HW Group 1-56,text,true,,318,159,1,1,http://localhost:3001/characters,2,0,0
1702771238497,1,Get Character,200,OK,HW Group 1-56,text,true,,257,160,1,1,http://localhost:3001/character/1,1,0,0
1702771238498,1,Create Character,200,OK,HW Group 1-56,text,true,,262,206,1,1,http://localhost:3001/character,1,0,0
1702771238500,1,Modify Character,200,OK,HW Group 1-56,text,true,,263,208,1,1,http://localhost:3001/character/4,1,0,0
1702771238501,1,Delete Character,200,OK,HW Group 1-56,text,true,,249,182,1,1,http://localhost:3001/character/4,1,0,0
1702771238504,2,Get Characters,200,OK,HW Group 1-57,text,true,,318,159,1,1,http://localhost:3001/characters,2,0,0
1702771238506,1,Get Character,200,OK,HW Group 1-57,text,true,,257,160,1,1,http://localhost:3001/character/1,1,0,0
1702771238507,1,Create Character,200,OK,HW Group 1-57,text,true,,262,206,1,1,http://localhost:3001/character,1,0,0
1702771238509,1,Modify Character,200,OK,HW Group 1-57,text,true,,263,208,1,1,http://localhost:3001/character/4,1,0,0
1702771238510,1,Delete Character,200,OK,HW Group 1-57,text,true,,249,182,1,1,http://localhost:3001/character/4,1,0,0
1702771238514,1,Get Characters,200,OK,HW Group 1-58,text,true,,318,159,1,1,http://localhost:3001/characters,1,0,0
1702771238515,1,Get Character,200,OK,HW Group 1-58,text,true,,257,160,1,1,http://localhost:3001/character/1,1,0,0
1702771238517,1,Create Character,200,OK,HW Group 1-58,text,true,,262,206,1,1,http://localhost:3001/character,1,0,0
1702771238518,1,Modify Character,200,OK,HW Group 1-58,text,true,,263,208,1,1,http://localhost:3001/character/4,1,0,0
1702771238519,1,Delete Character,200,OK,HW Group 1-58,text,true,,249,182,1,1,http://localhost:3001/character/4,1,0,0
1702771238524,2,Get Characters,200,OK,HW Group 1-59,text,true,,318,159,1,1,http://localhost:3001/characters,2,0,0
1702771238526,1,Get Character,200,OK,HW Group 1-59,text,true,,257,160,1,1,http://localhost:3001/character/1,1,0,0
1702771238527,1,Create Character,200,OK,HW Group 1-59,text,true,,262,206,1,1,http://localhost:3001/character,1,0,0
1702771238528,1,Modify Character,200,OK,HW Group 1-59,text,true,,263,208,1,1,http://localhost:3001/character/4,1,0,0
1702771238530,1,Delete Character,200,OK,HW Group 1-59,text,true,,249,182,1,1,http://localhost:3001/character/4,1,0,0
1702771238534,1,Get Characters,200,OK,HW Group 1-60,text,true,,318,159,1,1,http://localhost:3001/characters,1,0,0
1702771238536,1,Get Character,200,OK,HW Group 1-60,text,true,,257,160,1,1,http://localhost:3001/character/1,1,0,0
1702771238537,1,Create Character,200,OK,HW Group 1-60,text,true,,262,206,1,1,http://localhost:3001/character,1,0,0
1702771238538,1,Modify Character,200,OK,HW Group 1-60,text,true,,263,208,1,1,http://localhost:3001/character/4,1,0,0
1702771238539,2,Delete Character,200,OK,HW Group 1-60,text,true,,249,182,1,1,http://localhost:3001/character/4,2,0,0
1702771238546,2,Get Characters,200,OK,HW Group 1-61,text,true,,318,159,1,1,http://localhost:3001/characters,2,0,0
1702771238548,1,Get Character,200,OK,HW Group 1-61,text,true,,257,160,1,1,http://localhost:3001/character/1,1,0,0
1702771238549,2,Create Character,200,OK,HW Group 1-61,text,true,,262,206,1,1,http://localhost:3001/character,2,0,0
1702771238551,1,Modify Character,200,OK,HW Group 1-61,text,true,,263,208,1,1,http://localhost:3001/character/4,1,0,0
1702771238552,1,Delete Character,200,OK,HW Group 1-61,text,true,,249,182,1,1,http://localhost:3001/character/4,1,0,0
1702771238555,1,Get Characters,200,OK,HW Group 1-62,text,true,,318,159,1,1,http://localhost:3001/characters,1,0,0
1702771238557,1,Get Character,200,OK,HW Group 1-62,text,true,,257,160,1,1,http://localhost:3001/character/1,1,0,0
1702771238558,2,Create Character,200,OK,HW Group 1-62,text,true,,262,206,1,1,http://localhost:3001/character,2,0,0
1702771238560,1,Modify Character,200,OK,HW Group 1-62,text,true,,263,208,1,1,http://localhost:3001/character/4,1,0,0
1702771238561,2,Delete Character,200,OK,HW Group 1-62,text,true,,249,182,1,1,http://localhost:3001/character/4,2,0,0
1702771238565,1,Get Characters,200,OK,HW Group 1-63,text,true,,318,159,1,1,http://localhost:3001/characters,1,0,0
1702771238567,1,Get Character,200,OK,HW Group 1-63,text,true,,257,160,1,1,http://localhost:3001/character/1,1,0,0
1702771238568,1,Create Character,200,OK,HW Group 1-63,text,true,,262,206,1,1,http://localhost:3001/character,1,0,0
1702771238569,2,Modify Character,200,OK,HW Group 1-63,text,true,,263,208,1,1,http://localhost:3001/character/4,2,0,0
1702771238571,1,Delete Character,200,OK,HW Group 1-63,text,true,,249,182,1,1,http://localhost:3001/character/4,1,0,0
1702771238574,2,Get Characters,200,OK,HW Group 1-64,text,true,,318,159,1,1,http://localhost:3001/characters,1,0,0
1702771238576,1,Get Character,200,OK,HW Group 1-64,text,true,,257,160,1,1,http://localhost:3001/character/1,1,0,0
1702771238577,1,Create Character,200,OK,HW Group 1-64,text,true,,262,206,1,1,http://localhost:3001/character,1,0,0
1702771238578,2,Modify Character,200,OK,HW Group 1-64,text,true,,263,208,1,1,http://localhost:3001/character/4,2,0,0
1702771238580,1,Delete Character,200,OK,HW Group 1-64,text,true,,249,182,1,1,http://localhost:3001/character/4,1,0,0
1702771238584,2,Get Characters,200,OK,HW Group 1-65,text,true,,318,159,1,1,http://localhost:3001/characters,2,0,0
1702771238586,1,Get Character,200,OK,HW Group 1-65,text,true,,257,160,1,1,http://localhost:3001/character/1,1,0,0
1702771238587,2,Create Character,200,OK,HW Group 1-65,text,true,,262,206,1,1,http://localhost:3001/character,1,0,0
1702771238589,1,Modify Character,200,OK,HW Group 1-65,text,true,,263,208,1,1,http://localhost:3001/character/4,1,0,0
1702771238590,2,Delete Character,200,OK,HW Group 1-65,text,true,,249,182,1,1,http://localhost:3001/character/4,2,0,0
1702771238594,2,Get Characters,200,OK,HW Group 1-66,text,true,,318,159,1,1,http://localhost:3001/characters,2,0,0
1702771238596,1,Get Character,200,OK,HW Group 1-66,text,true,,257,160,1,1,http://localhost:3001/character/1,1,0,0
1702771238597,1,Create Character,200,OK,HW Group 1-66,text,true,,262,206,1,1,http://localhost:3001/character,1,0,0
1702771238598,1,Modify Character,200,OK,HW Group 1-66,text,true,,263,208,1,1,http://localhost:3001/character/4,1,0,0
1702771238599,1,Delete Character,200,OK,HW Group 1-66,text,true,,249,182,1,1,http://localhost:3001/character/4,1,0,0
1702771238604,2,Get Characters,200,OK,HW Group 1-67,text,true,,318,159,1,1,http://localhost:3001/characters,2,0,0
1702771238606,1,Get Character,200,OK,HW Group 1-67,text,true,,257,160,1,1,http://localhost:3001/character/1,1,0,0
1702771238607,1,Create Character,200,OK,HW Group 1-67,text,true,,262,206,1,1,http://localhost:3001/character,1,0,0
1702771238608,1,Modify Character,200,OK,HW Group 1-67,text,true,,263,208,1,1,http://localhost:3001/character/4,1,0,0
1702771238610,1,Delete Character,200,OK,HW Group 1-67,text,true,,249,182,1,1,http://localhost:3001/character/4,1,0,0
1702771238613,1,Get Characters,200,OK,HW Group 1-68,text,true,,318,159,1,1,http://localhost:3001/characters,1,0,0
1702771238615,1,Get Character,200,OK,HW Group 1-68,text,true,,257,160,1,1,http://localhost:3001/character/1,1,0,0
1702771238616,1,Create Character,200,OK,HW Group 1-68,text,true,,262,206,1,1,http://localhost:3001/character,1,0,0
1702771238617,2,Modify Character,200,OK,HW Group 1-68,text,true,,263,208,1,1,http://localhost:3001/character/4,2,0,0
1702771238619,1,Delete Character,200,OK,HW Group 1-68,text,true,,249,182,1,1,http://localhost:3001/character/4,1,0,0
1702771238624,2,Get Characters,200,OK,HW Group 1-69,text,true,,318,159,1,1,http://localhost:3001/characters,2,0,0
1702771238626,1,Get Character,200,OK,HW Group 1-69,text,true,,257,160,1,1,http://localhost:3001/character/1,1,0,0
1702771238627,2,Create Character,200,OK,HW Group 1-69,text,true,,262,206,1,1,http://localhost:3001/character,2,0,0
1702771238629,2,Modify Character,200,OK,HW Group 1-69,text,true,,263,208,1,1,http://localhost:3001/character/4,2,0,0
1702771238631,1,Delete Character,200,OK,HW Group 1-69,text,true,,249,182,1,1,http://localhost:3001/character/4,1,0,0
1702771238633,2,Get Characters,200,OK,HW Group 1-70,text,true,,318,159,1,1,http://localhost:3001/characters,2,0,1
1702771238636,0,Get Character,200,OK,HW Group 1-70,text,true,,257,160,1,1,http://localhost:3001/character/1,0,0,0
1702771238637,1,Create Character,200,OK,HW Group 1-70,text,true,,262,206,1,1,http://localhost:3001/character,1,0,0
1702771238638,1,Modify Character,200,OK,HW Group 1-70,text,true,,263,208,1,1,http://localhost:3001/character/4,1,0,0
1702771238639,1,Delete Character,200,OK,HW Group 1-70,text,true,,249,182,1,1,http://localhost:3001/character/4,1,0,0
1702771238642,2,Get Characters,200,OK,HW Group 1-71,text,true,,318,159,1,1,http://localhost:3001/characters,2,0,1
1702771238644,1,Get Character,200,OK,HW Group 1-71,text,true,,257,160,1,1,http://localhost:3001/character/1,1,0,0
1702771238645,1,Create Character,200,OK,HW Group 1-71,text,true,,262,206,1,1,http://localhost:3001/character,1,0,0
1702771238646,2,Modify Character,200,OK,HW Group 1-71,text,true,,263,208,1,1,http://localhost:3001/character/4,2,0,0
1702771238648,1,Delete Character,200,OK,HW Group 1-71,text,true,,249,182,1,1,http://localhost:3001/character/4,1,0,0
1702771238653,2,Get Characters,200,OK,HW Group 1-72,text,true,,318,159,1,1,http://localhost:3001/characters,2,0,0
1702771238655,1,Get Character,200,OK,HW Group 1-72,text,true,,257,160,1,1,http://localhost:3001/character/1,1,0,0
1702771238656,2,Create Character,200,OK,HW Group 1-72,text,true,,262,206,1,1,http://localhost:3001/character,2,0,0
1702771238658,3,Modify Character,200,OK,HW Group 1-72,text,true,,263,208,1,1,http://localhost:3001/character/4,3,0,0
1702771238661,2,Delete Character,200,OK,HW Group 1-72,text,true,,249,182,2,2,http://localhost:3001/character/4,2,0,0
1702771238663,2,Get Characters,200,OK,HW Group 1-73,text,true,,318,159,1,1,http://localhost:3001/characters,2,0,1
1702771238666,1,Get Character,200,OK,HW Group 1-73,text,true,,257,160,1,1,http://localhost:3001/character/1,1,0,0
1702771238667,2,Create Character,200,OK,HW Group 1-73,text,true,,262,206,1,1,http://localhost:3001/character,2,0,0
1702771238669,2,Modify Character,200,OK,HW Group 1-73,text,true,,263,208,1,1,http://localhost:3001/character/4,2,0,0
1702771238671,1,Delete Character,200,OK,HW Group 1-73,text,true,,249,182,1,1,http://localhost:3001/character/4,1,0,0
1702771238673,3,Get Characters,200,OK,HW Group 1-74,text,true,,318,159,1,1,http://localhost:3001/characters,3,0,1
1702771238676,1,Get Character,200,OK,HW Group 1-74,text,true,,257,160,1,1,http://localhost:3001/character/1,1,0,0
1702771238678,1,Create Character,200,OK,HW Group 1-74,text,true,,262,206,1,1,http://localhost:3001/character,1,0,0
1702771238680,1,Modify Character,200,OK,HW Group 1-74,text,true,,263,208,1,1,http://localhost:3001/character/4,1,0,0
1702771238682,1,Delete Character,200,OK,HW Group 1-74,text,true,,249,182,2,2,http://localhost:3001/character/4,1,0,0
1702771238683,3,Get Characters,200,OK,HW Group 1-75,text,true,,318,159,1,1,http://localhost:3001/characters,3,0,1
1702771238686,1,Get Character,200,OK,HW Group 1-75,text,true,,257,160,1,1,http://localhost:3001/character/1,1,0,0
1702771238687,2,Create Character,200,OK,HW Group 1-75,text,true,,262,206,1,1,http://localhost:3001/character,2,0,0
1702771238689,2,Modify Character,200,OK,HW Group 1-75,text,true,,263,208,1,1,http://localhost:3001/character/4,2,0,0
1702771238691,1,Delete Character,200,OK,HW Group 1-75,text,true,,249,182,1,1,http://localhost:3001/character/4,1,0,0
1702771238693,2,Get Characters,200,OK,HW Group 1-76,text,true,,318,159,1,1,http://localhost:3001/characters,2,0,1
1702771238696,1,Get Character,200,OK,HW Group 1-76,text,true,,257,160,1,1,http://localhost:3001/character/1,1,0,0
1702771238697,2,Create Character,200,OK,HW Group 1-76,text,true,,262,206,1,1,http://localhost:3001/character,2,0,0
1702771238699,2,Modify Character,200,OK,HW Group 1-76,text,true,,263,208,1,1,http://localhost:3001/character/4,1,0,0
1702771238701,1,Delete Character,200,OK,HW Group 1-76,text,true,,249,182,1,1,http://localhost:3001/character/4,1,0,0
1702771238703,2,Get Characters,200,OK,HW Group 1-77,text,true,,318,159,1,1,http://localhost:3001/characters,2,0,1
1702771238706,1,Get Character,200,OK,HW Group 1-77,text,true,,257,160,1,1,http://localhost:3001/character/1,1,0,0
1702771238707,2,Create Character,200,OK,HW Group 1-77,text,true,,262,206,1,1,http://localhost:3001/character,2,0,0
1702771238709,1,Modify Character,200,OK,HW Group 1-77,text,true,,263,208,1,1,http://localhost:3001/character/4,1,0,0
1702771238711,1,Delete Character,200,OK,HW Group 1-77,text,true,,249,182,1,1,http://localhost:3001/character/4,1,0,0
1702771238713,2,Get Characters,200,OK,HW Group 1-78,text,true,,318,159,1,1,http://localhost:3001/characters,2,0,1
1702771238716,1,Get Character,200,OK,HW Group 1-78,text,true,,257,160,1,1,http://localhost:3001/character/1,1,0,0
1702771238717,2,Create Character,200,OK,HW Group 1-78,text,true,,262,206,1,1,http://localhost:3001/character,2,0,0
1702771238719,2,Modify Character,200,OK,HW Group 1-78,text,true,,263,208,1,1,http://localhost:3001/character/4,2,0,0
1702771238721,1,Delete Character,200,OK,HW Group 1-78,text,true,,249,182,1,1,http://localhost:3001/character/4,1,0,0
1702771238723,3,Get Characters,200,OK,HW Group 1-79,text,true,,318,159,1,1,http://localhost:3001/characters,3,0,1
1702771238726,2,Get Character,200,OK,HW Group 1-79,text,true,,257,160,1,1,http://localhost:3001/character/1,2,0,0
1702771238728,2,Create Character,200,OK,HW Group 1-79,text,true,,262,206,1,1,http://localhost:3001/character,2,0,0
1702771238730,1,Modify Character,200,OK,HW Group 1-79,text,true,,263,208,1,1,http://localhost:3001/character/4,1,0,0
1702771238732,1,Delete Character,200,OK,HW Group 1-79,text,true,,249,182,2,2,http://localhost:3001/character/4,1,0,0
1702771238733,2,Get Characters,200,OK,HW Group 1-80,text,true,,318,159,1,1,http://localhost:3001/characters,2,0,1
1702771238735,1,Get Character,200,OK,HW Group 1-80,text,true,,257,160,1,1,http://localhost:3001/character/1,1,0,0
1702771238736,2,Create Character,200,OK,HW Group 1-80,text,true,,262,206,1,1,http://localhost:3001/character,1,0,0
1702771238738,1,Modify Character,200,OK,HW Group 1-80,text,true,,263,208,1,1,http://localhost:3001/character/4,1,0,0
1702771238739,1,Delete Character,200,OK,HW Group 1-80,text,true,,249,182,1,1,http://localhost:3001/character/4,1,0,0
1702771238743,2,Get Characters,200,OK,HW Group 1-81,text,true,,318,159,1,1,http://localhost:3001/characters,2,0,0
1702771238745,2,Get Character,200,OK,HW Group 1-81,text,true,,257,160,1,1,http://localhost:3001/character/1,2,0,0
1702771238747,1,Create Character,200,OK,HW Group 1-81,text,true,,262,206,1,1,http://localhost:3001/character,1,0,0
1702771238748,2,Modify Character,200,OK,HW Group 1-81,text,true,,263,208,1,1,http://localhost:3001/character/4,2,0,0
1702771238750,1,Delete Character,200,OK,HW Group 1-81,text,true,,249,182,1,1,http://localhost:3001/character/4,1,0,0
1702771238753,2,Get Characters,200,OK,HW Group 1-82,text,true,,318,159,1,1,http://localhost:3001/characters,2,0,1
1702771238755,1,Get Character,200,OK,HW Group 1-82,text,true,,257,160,1,1,http://localhost:3001/character/1,1,0,0
1702771238756,2,Create Character,200,OK,HW Group 1-82,text,true,,262,206,1,1,http://localhost:3001/character,2,0,0
1702771238758,1,Modify Character,200,OK,HW Group 1-82,text,true,,263,208,1,1,http://localhost:3001/character/4,1,0,0
1702771238759,1,Delete Character,200,OK,HW Group 1-82,text,true,,249,182,1,1,http://localhost:3001/character/4,1,0,0
1702771238763,2,Get Characters,200,OK,HW Group 1-83,text,true,,318,159,1,1,http://localhost:3001/characters,2,0,0
1702771238765,1,Get Character,200,OK,HW Group 1-83,text,true,,257,160,1,1,http://localhost:3001/character/1,1,0,0
1702771238766,1,Create Character,200,OK,HW Group 1-83,text,true,,262,206,1,1,http://localhost:3001/character,1,0,0
1702771238768,1,Modify Character,200,OK,HW Group 1-83,text,true,,263,208,1,1,http://localhost:3001/character/4,1,0,0
1702771238769,1,Delete Character,200,OK,HW Group 1-83,text,true,,249,182,1,1,http://localhost:3001/character/4,1,0,0
1702771238772,2,Get Characters,200,OK,HW Group 1-84,text,true,,318,159,1,1,http://localhost:3001/characters,2,0,1
1702771238774,1,Get Character,200,OK,HW Group 1-84,text,true,,257,160,1,1,http://localhost:3001/character/1,1,0,0
1702771238775,1,Create Character,200,OK,HW Group 1-84,text,true,,262,206,1,1,http://localhost:3001/character,1,0,0
1702771238777,1,Modify Character,200,OK,HW Group 1-84,text,true,,263,208,1,1,http://localhost:3001/character/4,1,0,0
1702771238778,1,Delete Character,200,OK,HW Group 1-84,text,true,,249,182,1,1,http://localhost:3001/character/4,1,0,0
1702771238783,2,Get Characters,200,OK,HW Group 1-85,text,true,,318,159,1,1,http://localhost:3001/characters,2,0,1
1702771238785,2,Get Character,200,OK,HW Group 1-85,text,true,,257,160,1,1,http://localhost:3001/character/1,2,0,0
1702771238787,1,Create Character,200,OK,HW Group 1-85,text,true,,262,206,1,1,http://localhost:3001/character,1,0,0
1702771238788,2,Modify Character,200,OK,HW Group 1-85,text,true,,263,208,1,1,http://localhost:3001/character/4,2,0,0
1702771238790,1,Delete Character,200,OK,HW Group 1-85,text,true,,249,182,1,1,http://localhost:3001/character/4,1,0,0
1702771238793,2,Get Characters,200,OK,HW Group 1-86,text,true,,318,159,1,1,http://localhost:3001/characters,2,0,0
1702771238795,2,Get Character,200,OK,HW Group 1-86,text,true,,257,160,1,1,http://localhost:3001/character/1,2,0,0
1702771238797,1,Create Character,200,OK,HW Group 1-86,text,true,,262,206,1,1,http://localhost:3001/character,1,0,0
1702771238798,2,Modify Character,200,OK,HW Group 1-86,text,true,,263,208,1,1,http://localhost:3001/character/4,2,0,0
1702771238800,1,Delete Character,200,OK,HW Group 1-86,text,true,,249,182,1,1,http://localhost:3001/character/4,1,0,0
1702771238802,2,Get Characters,200,OK,HW Group 1-87,text,true,,318,159,1,1,http://localhost:3001/characters,2,0,1
1702771238805,1,Get Character,200,OK,HW Group 1-87,text,true,,257,160,1,1,http://localhost:3001/character/1,1,0,0
1702771238806,1,Create Character,200,OK,HW Group 1-87,text,true,,262,206,1,1,http://localhost:3001/character,1,0,0
1702771238807,2,Modify Character,200,OK,HW Group 1-87,text,true,,263,208,1,1,http://localhost:3001/character/4,2,0,0
1702771238809,1,Delete Character,200,OK,HW Group 1-87,text,true,,249,182,1,1,http://localhost:3001/character/4,1,0,0
1702771238814,2,Get Characters,200,OK,HW Group 1-88,text,true,,318,159,1,1,http://localhost:3001/characters,2,0,0
1702771238816,1,Get Character,200,OK,HW Group 1-88,text,true,,257,160,1,1,http://localhost:3001/character/1,1,0,0
1702771238817,2,Create Character,200,OK,HW Group 1-88,text,true,,262,206,1,1,http://localhost:3001/character,2,0,0
1702771238819,1,Modify Character,200,OK,HW Group 1-88,text,true,,263,208,1,1,http://localhost:3001/character/4,1,0,0
1702771238820,2,Delete Character,200,OK,HW Group 1-88,text,true,,249,182,1,1,http://localhost:3001/character/4,2,0,0
1702771238824,2,Get Characters,200,OK,HW Group 1-89,text,true,,318,159,1,1,http://localhost:3001/characters,2,0,1
1702771238826,1,Get Character,200,OK,HW Group 1-89,text,true,,257,160,1,1,http://localhost:3001/character/1,1,0,0
1702771238828,1,Create Character,200,OK,HW Group 1-89,text,true,,262,206,1,1,http://localhost:3001/character,1,0,0
1702771238829,1,Modify Character,200,OK,HW Group 1-89,text,true,,263,208,1,1,http://localhost:3001/character/4,1,0,0
1702771238831,1,Delete Character,200,OK,HW Group 1-89,text,true,,249,182,1,1,http://localhost:3001/character/4,1,0,0
1702771238833,2,Get Characters,200,OK,HW Group 1-90,text,true,,318,159,1,1,http://localhost:3001/characters,2,0,1
1702771238835,1,Get Character,200,OK,HW Group 1-90,text,true,,257,160,1,1,http://localhost:3001/character/1,1,0,0
1702771238837,1,Create Character,200,OK,HW Group 1-90,text,true,,262,206,1,1,http://localhost:3001/character,1,0,0
1702771238838,1,Modify Character,200,OK,HW Group 1-90,text,true,,263,208,1,1,http://localhost:3001/character/4,1,0,0
1702771238839,2,Delete Character,200,OK,HW Group 1-90,text,true,,249,182,1,1,http://localhost:3001/character/4,2,0,0
1702771238843,2,Get Characters,200,OK,HW Group 1-91,text,true,,318,159,1,1,http://localhost:3001/characters,2,0,1
1702771238845,2,Get Character,200,OK,HW Group 1-91,text,true,,257,160,1,1,http://localhost:3001/character/1,2,0,0
1702771238847,2,Create Character,200,OK,HW Group 1-91,text,true,,262,206,1,1,http://localhost:3001/character,2,0,0
1702771238849,1,Modify Character,200,OK,HW Group 1-91,text,true,,263,208,1,1,http://localhost:3001/character/4,1,0,0
1702771238850,1,Delete Character,200,OK,HW Group 1-91,text,true,,249,182,1,1,http://localhost:3001/character/4,1,0,0
1702771238854,2,Get Characters,200,OK,HW Group 1-92,text,true,,318,159,1,1,http://localhost:3001/characters,2,0,1
1702771238856,2,Get Character,200,OK,HW Group 1-92,text,true,,257,160,1,1,http://localhost:3001/character/1,2,0,0
1702771238858,1,Create Character,200,OK,HW Group 1-92,text,true,,262,206,1,1,http://localhost:3001/character,1,0,0
1702771238859,2,Modify Character,200,OK,HW Group 1-92,text,true,,263,208,1,1,http://localhost:3001/character/4,2,0,0
1702771238861,1,Delete Character,200,OK,HW Group 1-92,text,true,,249,182,1,1,http://localhost:3001/character/4,1,0,0
1702771238863,3,Get Characters,200,OK,HW Group 1-93,text,true,,318,159,1,1,http://localhost:3001/characters,3,0,1
1702771238866,1,Get Character,200,OK,HW Group 1-93,text,true,,257,160,1,1,http://localhost:3001/character/1,1,0,0
1702771238867,2,Create Character,200,OK,HW Group 1-93,text,true,,262,206,1,1,http://localhost:3001/character,2,0,0
1702771238869,1,Modify Character,200,OK,HW Group 1-93,text,true,,263,208,1,1,http://localhost:3001/character/4,1,0,0
1702771238870,2,Delete Character,200,OK,HW Group 1-93,text,true,,249,182,1,1,http://localhost:3001/character/4,2,0,0
1702771238874,2,Get Characters,200,OK,HW Group 1-94,text,true,,318,159,1,1,http://localhost:3001/characters,2,0,0
1702771238876,1,Get Character,200,OK,HW Group 1-94,text,true,,257,160,1,1,http://localhost:3001/character/1,1,0,0
1702771238877,2,Create Character,200,OK,HW Group 1-94,text,true,,262,206,1,1,http://localhost:3001/character,2,0,0
1702771238879,1,Modify Character,200,OK,HW Group 1-94,text,true,,263,208,1,1,http://localhost:3001/character/4,1,0,0
1702771238881,1,Delete Character,200,OK,HW Group 1-94,text,true,,249,182,1,1,http://localhost:3001/character/4,1,0,0
1702771238883,2,Get Characters,200,OK,HW Group 1-95,text,true,,318,159,1,1,http://localhost:3001/characters,2,0,1
1702771238885,1,Get Character,200,OK,HW Group 1-95,text,true,,257,160,1,1,http://localhost:3001/character/1,1,0,0
1702771238886,1,Create Character,200,OK,HW Group 1-95,text,true,,262,206,1,1,http://localhost:3001/character,1,0,0
1702771238887,2,Modify Character,200,OK,HW Group 1-95,text,true,,263,208,1,1,http://localhost:3001/character/4,2,0,0
1702771238889,1,Delete Character,200,OK,HW Group 1-95,text,true,,249,182,1,1,http://localhost:3001/character/4,1,0,0
1702771238897,2,Get Characters,200,OK,HW Group 1-96,text,true,,318,159,1,1,http://localhost:3001/characters,2,0,0
1702771238899,1,Get Character,200,OK,HW Group 1-96,text,true,,257,160,1,1,http://localhost:3001/character/1,1,0,0
1702771238901,1,Create Character,200,OK,HW Group 1-96,text,true,,262,206,1,1,http://localhost:3001/character,1,0,0
1702771238902,1,Modify Character,200,OK,HW Group 1-96,text,true,,263,208,1,1,http://localhost:3001/character/4,1,0,0
1702771238903,1,Delete Character,200,OK,HW Group 1-96,text,true,,249,182,1,1,http://localhost:3001/character/4,1,0,0
1702771238906,2,Get Characters,200,OK,HW Group 1-97,text,true,,318,159,1,1,http://localhost:3001/characters,2,0,0
1702771238908,1,Get Character,200,OK,HW Group 1-97,text,true,,257,160,1,1,http://localhost:3001/character/1,1,0,0
1702771238909,2,Create Character,200,OK,HW Group 1-97,text,true,,262,206,1,1,http://localhost:3001/character,2,0,0
1702771238911,1,Modify Character,200,OK,HW Group 1-97,text,true,,263,208,1,1,http://localhost:3001/character/4,1,0,0
1702771238912,2,Delete Character,200,OK,HW Group 1-97,text,true,,249,182,1,1,http://localhost:3001/character/4,2,0,0
1702771238916,2,Get Characters,200,OK,HW Group 1-98,text,true,,318,159,1,1,http://localhost:3001/characters,2,0,0
1702771238918,1,Get Character,200,OK,HW Group 1-98,text,true,,257,160,1,1,http://localhost:3001/character/1,1,0,0
1702771238920,1,Create Character,200,OK,HW Group 1-98,text,true,,262,206,1,1,http://localhost:3001/character,1,0,0
1702771238921,1,Modify Character,200,OK,HW Group 1-98,text,true,,263,208,1,1,http://localhost:3001/character/4,1,0,0
1702771238923,1,Delete Character,200,OK,HW Group 1-98,text,true,,249,182,2,2,http://localhost:3001/character/4,1,0,0
1702771238923,2,Get Characters,200,OK,HW Group 1-99,text,true,,318,159,1,1,http://localhost:3001/characters,2,0,0
1702771238925,1,Get Character,200,OK,HW Group 1-99,text,true,,257,160,1,1,http://localhost:3001/character/1,1,0,0
1702771238926,2,Create Character,200,OK,HW Group 1-99,text,true,,262,206,1,1,http://localhost:3001/character,2,0,0
1702771238928,2,Modify Character,200,OK,HW Group 1-99,text,true,,263,208,1,1,http://localhost:3001/character/4,2,0,0
1702771238930,1,Delete Character,200,OK,HW Group 1-99,text,true,,249,182,1,1,http://localhost:3001/character/4,1,0,0
1702771238933,2,Get Characters,200,OK,HW Group 1-100,text,true,,318,159,1,1,http://localhost:3001/characters,2,0,0
1702771238935,1,Get Character,200,OK,HW Group 1-100,text,true,,257,160,1,1,http://localhost:3001/character/1,1,0,0
1702771238936,1,Create Character,200,OK,HW Group 1-100,text,true,,262,206,1,1,http://localhost:3001/character,1,0,0
1702771238937,1,Modify Character,200,OK,HW Group 1-100,text,true,,263,208,1,1,http://localhost:3001/character/4,1,0,0
1702771238938,1,Delete Character,200,OK,HW Group 1-100,text,true,,249,182,1,1,http://localhost:3001/character/4,1,0,0
